<?xml version="1.0" encoding="UTF-8"?>
<project-private xmlns="http://www.netbeans.org/ns/project-private/1">
    <open-files xmlns="http://www.netbeans.org/ns/projectui-open-files/2">
        <group>
            <file>file:/C:/Users/Producer/Documents/NetBeansProjects/Threads_03_03/src/threads_03_03/Worker.java</file>
            <file>file:/C:/Users/Producer/Documents/NetBeansProjects/Threads_03_03/src/threads_03_03/Threads_03_03.java</file>
        </group>
    </open-files>
</project-private>
